{
    "Bank1": {
        "local": {
            "gen_mean": 1.0315358439087867,
            "for_mean": 1.7242709481716156,
            "gen_min": 0.18246830999851227,
            "for_min": 0.5833157300949097,
            "gen_max": 2.5261528491973877,
            "for_max": 3.6169888973236084
        },
        "global": {
            "gen_mean": 0.0711275589093566,
            "for_mean": 0.12150988891720772
        }
    },
    "Bank2": {
        "local": {
            "gen_mean": 0.858185899180753,
            "for_mean": 1.932309752702713,
            "gen_min": 1.6000001778593287e-05,
            "for_min": 0.9836679100990295,
            "gen_max": 1.5229907035827637,
            "for_max": 2.7876319885253906
        },
        "global": {
            "gen_mean": 0.1250974462157319,
            "for_mean": 0.2146229787915945
        }
    },
    "Bank3": {
        "local": {
            "gen_mean": 1.1362043043347512,
            "for_mean": 1.7267816944792866,
            "gen_min": 1.6000001778593287e-05,
            "for_min": 0.0032596932724118233,
            "gen_max": 2.234754800796509,
            "for_max": 4.820152282714844
        },
        "global": {
            "gen_mean": 0.13635956376550895,
            "for_mean": 0.21488845102488996
        }
    }
}